{
  "project_info": {
    "project_number": "577288115342",
    "firebase_url": "https://ff-id-dark-app-2024-default-rtdb.firebaseio.com",
    "project_id": "ff-id-dark-app-2024",
    "storage_bucket": "ff-id-dark-app-2024.appspot.com"
  },
  "client": [
    {
      "client_info": {
        "mobilesdk_app_id": "1:577288115342:android:5e764ea1655691a002a5df",
        "android_client_info": {
          "package_name": "com.ffidbuysell.app"
        }
      },
      "oauth_client": [
        {
          "client_id": "577288115342-3l4652169hjqo449ujm2nde1o4na8ipi.apps.googleusercontent.com",
          "client_type": 1,
          "android_info": {
            "package_name": "com.ffidbuysell.app",
            "certificate_hash": "373ccad7961befab917bf9d2b802c7f68bb653c7"
          }
        },
        {
          "client_id": "577288115342-6tebi9kn8j07b7uih8musqf94m47h3at.apps.googleusercontent.com",
          "client_type": 3
        }
      ],
      "api_key": [
        {
          "current_key": "AIzaSyDRBpEFHtdn4agI8BHtoxSsfydEBTKe9TM"
        }
      ],
      "services": {
        "appinvite_service": {
          "other_platform_oauth_client": [
            {
              "client_id": "577288115342-6tebi9kn8j07b7uih8musqf94m47h3at.apps.googleusercontent.com",
              "client_type": 3
            },
            {
              "client_id": "577288115342-s87c0u0ubiel3nnctsnvks2t3gq69a32.apps.googleusercontent.com",
              "client_type": 2,
              "ios_info": {
                "bundle_id": "com.example.ffidsDark"
              }
            }
          ]
        }
      }
    }
  ],
  "configuration_version": "1"
}